Company_name,Symbol,gicSubindustry,Company_ESG_pulse,Market Cap,Volume,52w_change price percent
3M Company,MMM,Industrial Conglomerates,-0.083992,50964571770.0,2024694.0,-10.83
"51job, Inc",JOBS,Human Resource & Employment Services,0.776978,,,
A. O. Smith Corporation,AOS,Building Products,0.25117,12564573309.0,552008.0,29.49
"AAON, Inc",AAON,Building Products,0.739143,,,-10.51
AAR Corp,AIR,Aerospace & Defense,0.5888,2186557896.0,174582.0,12.26
AB SKF (publ),SKFRY,Industrial Machinery,0.558562,,,
AB Volvo (publ),VLVLY,Construction Machinery & Heavy Trucks,0.387392,,,
ABB Ltd,ABB,Electrical Components & Equipment,0.443865,,,
ABM Industries Incorporated,ABM,Environmental & Facilities Services,0.482884,2705078026.0,149678.0,-1.57
ACCO Brands Corporation,ACCO,Office Services & Supplies,0.600923,473217675.0,346766.0,0.87
ADT Inc,ADT,Security & Alarm Services,0.391786,5902814432.0,1412330.0,-6.32
AECOM,ACM,Construction & Engineering,-0.276441,12931672626.0,171914.0,15.03
AGC Inc,ASGLF,Building Products,0.211196,,,
AGCO Corporation,AGCO,Agricultural & Farm Machinery,0.483786,9299625637.0,345204.0,-2.76
AMERCO,UHAL,Trucking,0.28355,12599964569.0,39054.0,
"AMETEK, Inc",AME,Electrical Components & Equipment,0.786728,41591523807.0,634221.0,29.47
AMREP Corporation,AXR,Diversified Support Services,0.3612,114387405.0,1431.0,45.56
ANA Holdings Inc,ALNPF,Airlines,0.011523,,,
"ARC Document Solutions, Inc",ARC,Office Services & Supplies,0.1543,112046593.0,52019.0,-15.21
"ARC Group Worldwide, Inc",ARCW,Industrial Machinery,0.0,,,0.0
ASGN Inc,ASGN,Human Resource & Employment Services,0.320767,4421685000.0,101662.0,22.82
ATIF Holdings Ltd,ATIF,,0.263237,,,-52.48
AZZ Inc,AZZ,Heavy Electrical Equipment,-0.295899,1954867479.0,66036.0,97.89
Aalberts N.V,AALBF,Industrial Machinery,0.9289,,,
Ability Inc,ABIL,Aerospace & Defense,0.597772,,,
Acacia Research Corporation,ACTG,Research & Consulting Services,0.797194,,,
Acme United Corporation,ACU,Office Services & Supplies,0.0,,,60.67
"Acuity Brands, Inc",AYI,Electrical Components & Equipment,0.257388,8187614271.0,94200.0,65.58
"Advanced Disposal Services, Inc",ADSW,Environmental & Facilities Services,-0.449601,,,
"Advanced Drainage Systems, Inc",WMS,Building Products,0.773386,12833166342.0,208692.0,103.12
Aegion Corporation,AEGN,Construction & Engineering,-0.277476,,,
"Aena S.M.E., S.A",ANNSF,Airport Services,0.399456,,,
AerCap Holdings N.V,AER,Trading Companies & Distributors,-0.085167,17248368050.0,869239.0,50.41
AeroCentury Corp,ACY,Trading Companies & Distributors,0.0,,,
"AeroVironment, Inc",AVAV,Aerospace & Defense,-0.109386,,,
"Aerojet Rocketdyne Holdings, Inc",AJRD,Aerospace & Defense,-0.375988,,,34.42
Ageagle Aerial Systems Inc,UAVS,,-0.604683,,,70.95
Air China Limited,AICAF,Airlines,0.6808,,,
Air France-KLM SA,AFLYY,Airlines,0.0,,,
Air Lease Corporation,AL,Trading Companies & Distributors,0.8591,5423681260.0,571812.0,21.47
"Air T, Inc",AIRT,Air Freight & Logistics,0.3612,,,
"Air Transport Services Group, Inc",ATSG,Air Freight & Logistics,0.877479,,,-38.45
Airbus SE,EADSF,Aerospace & Defense,-0.089325,,,
Aircastle Limited,AYR,Trading Companies & Distributors,0.068283,,,
Airports of Thailand Public Company Limited,AIPUF,Airport Services,0.0,,,
Alamo Group Inc,ALG,Construction Machinery & Heavy Trucks,0.687717,2590013972.0,26527.0,23.86
"Alaska Air Group, Inc",ALK,Airlines,0.375652,5297837200.0,1430567.0,-0.1
Albany International Corp,AIN,Industrial Machinery,0.80825,2730312000.0,70310.0,-1.15
Alfa Laval AB (publ),ALFVF,Industrial Machinery,0.429904,,,
Allegiant Travel Company,ALGT,Airlines,0.417695,,,
Allegion plc,ALLE,Building Products,0.639283,11339168790.0,254026.0,26.51
Allied Motion Technologies Inc,AMOT,Electrical Components & Equipment,0.296,,,
"Allison Transmission Holdings, Inc",ALSN,Construction Machinery & Heavy Trucks,0.757708,7162029858.0,205516.0,78.84
"Alpha Pro Tech, Ltd",APT,Building Products,0.5198,,,53.66
Alstom SA,ALSMY,Construction Machinery & Heavy Trucks,0.119054,,,
Altra Industrial Motion Corp,AIMC,Industrial Machinery,-0.561785,,,
"Ameresco, Inc",AMRC,Construction & Engineering,0.837052,1191523088.0,252152.0,-51.82
American Airlines Group Inc,AAL,Airlines,-0.021016,,,
American Superconductor Corporation,AMSC,Electrical Components & Equipment,0.111346,,,
American Woodmark Corporation,AMWD,Building Products,0.552225,,,
Andritz AG,ADRZF,Industrial Machinery,0.2952,,,
Anhui Expressway Company Limited,AUHEF,Highways & Railtracks,0.0,,,
Api Group Corp,APG,Construction & Engineering,0.0,9439007519.0,535888.0,84.15
"Apogee Enterprises, Inc",APOG,Building Products,0.880982,,,37.67
Applied Blockchain Inc,APLD,Industrial Machinery,-0.726413,,,-5.54
"Applied Industrial Technologies, Inc",AIT,Trading Companies & Distributors,0.714633,7461659966.0,110214.0,41.88
Applied UV Inc,AUVI,Building Products,0.321987,,,-10.76
"Aqua Metals, Inc",AQMS,Environmental & Facilities Services,0.23266,,,-50.82
ArcBest Corporation,ARCB,Trucking,-0.657493,,,
Arcadis NV,ARCAY,Construction & Engineering,0.415895,,,
Archer Aviation Inc,ACHR,Aerospace & Defense,-0.816738,1298202605.0,2828171.0,66.53
Arconic Corp,ARNC,Aerospace & Defense,0.564755,,,9.8
Arcosa Inc,ACA,Construction & Engineering,0.382989,3912177196.0,63725.0,34.62
"Argan, Inc",AGX,Construction & Engineering,0.439787,655597729.0,31054.0,32.35
"Armstrong Flooring, Inc",AFI,Building Products,-0.177479,,,
"Armstrong World Industries, Inc",AWI,Building Products,0.787446,5175078377.0,178094.0,69.48
"Art's-Way Manufacturing Co., Inc",ARTW,Agricultural & Farm Machinery,0.6124,,,-22.42
Ashtead Group plc,ASHTF,Trading Companies & Distributors,0.7683,,,
Asia Pacific Wire & Cable Corp Ltd,APWC,Electrical Components & Equipment,0.0,,,-1.76
"Astec Industries, Inc",ASTE,Construction Machinery & Heavy Trucks,-0.521903,,,
Astronics Corporation,ATRO,Aerospace & Defense,0.619422,,,
Atento SA,ATTO,Office Services & Supplies,0.0,,,-94.45
Atkore International Group Inc,ATKR,Electrical Components & Equipment,0.537627,6368266442.0,265735.0,32.84
"Atlas Air Worldwide Holdings, Inc",AAWW,Air Freight & Logistics,-0.29825,,,0.82
Atlas Corp,ATCO,Marine,0.2726,,,0.13
Avalon Holdings Corporation,AWX,Environmental & Facilities Services,0.0,,,-16.48
AviChina Industry & Technology Company Limited,AVIJF,Aerospace & Defense,0.1531,,,
Avianca Holdings S.A,AVH,Airlines,0.0,,,
"Avis Budget Group, Inc",CAR,Trucking,0.369853,,,
Axion Power International Inc,AXPWQ,Electrical Components & Equipment,0.0,,,-98.0
"Axon Enterprise, Inc",AAXN,Aerospace & Defense,0.143204,,,
Azek Company Inc,AZEK,Building Products,0.923342,7001110053.0,695010.0,89.54
Azul S.A,AZUL,Airlines,0.458842,841855379.0,1317983.0,1.17
BAE Systems plc,BAESF,Aerospace & Defense,0.622,,,
BG Staffing Inc,BGSF,Human Resource & Employment Services,0.737293,102074646.0,2557.0,-6.3
"BMC Stock Holdings, Inc",BMCH,Trading Companies & Distributors,-0.771578,,,
BOC Aviation Limited,BCVVF,Trading Companies & Distributors,0.0,,,0.84
BTS Group Holdings Public Company Limited,BTGRF,Railroads,0.51585,,,
"BWX Technologies, Inc",BWXT,Aerospace & Defense,0.407984,8847806747.0,551348.0,50.63
Babcock & Wilcox Enterprises Inc,BW,Heavy Electrical Equipment,0.580726,97086272.0,398436.0,-82.45
Balfour Beatty plc,BAFBF,Construction & Engineering,0.075304,,,
Ballard Power Systems Inc,BLDP,Electrical Components & Equipment,0.032639,,,-40.47
Barnes Group Inc,B,Industrial Machinery,0.4796,1786038259.0,144957.0,-12.28
"Barrett Business Services, Inc",BBSI,Human Resource & Employment Services,0.629233,,,34.04
"Beacon Roofing Supply, Inc",BECN,Trading Companies & Distributors,0.778167,,,
Beam Global,BEEM,Electrical Components & Equipment,0.71038,,,-54.0
Beijing Capital International Airport Company Limited,BJCHF,Airport Services,0.0,,,
Bloom Energy Corp,BE,Heavy Electrical Equipment,0.663849,2545570830.0,3531266.0,-40.5
Blue Bird Corporation,BLBD,Construction Machinery & Heavy Trucks,0.551376,,,87.47
BlueLinx Holdings Inc,BXC,Trading Companies & Distributors,0.437712,1044579555.0,27883.0,81.13
Brady Corporation,BRC,Commercial Printing,-0.166869,2839480854.0,129507.0,13.1
Briggs & Stratton Corporation,BGG,Industrial Machinery,0.0,,,
BrightView Holdings,BV,Environmental & Facilities Services,-0.061262,1089612000.0,402959.0,113.79
Broadwind Energy Inc,BWEN,Heavy Electrical Equipment,0.570582,,,-34.99
Brookfield Business Partners L.P,BBU,Construction & Engineering,-0.156614,4312801354.0,5630.0,
"Builders FirstSource, Inc",BLDR,Building Products,-0.595231,23076548169.0,1158285.0,
Bunzl plc,BZLFF,Trading Companies & Distributors,0.489478,,,
Bureau Veritas SA,BVRDF,Research & Consulting Services,0.552458,,,
"C.H. Robinson Worldwide, Inc",CHRW,Air Freight & Logistics,0.230875,,,
CAE Inc,CAE,Aerospace & Defense,0.406325,6260381876.0,379457.0,-18.76
"CAI International, Inc",CAI,Trading Companies & Distributors,-0.543772,,,
CBAK Energy Technology Inc,CBAT,Electronic Components,0.9371,,,-5.01
"CBIZ, Inc",CBZ,Research & Consulting Services,0.192565,3713998692.0,122390.0,45.77
CECO Environmental Corp,CECE,Environmental & Facilities Services,0.684263,,,
"CIRCOR International, Inc",CIR,Industrial Machinery,-0.411689,,,
CITIC Limited,CTPCF,Industrial Conglomerates,-0.0128,,,
CITIC Resources Holdings Limited,CTJHY,Trading Companies & Distributors,0.0,,,
CK Hutchison Holdings Limited,CKHUF,Industrial Conglomerates,-0.102667,,,
CLARCOR Inc,CLC,Industrial Machinery,-0.2263,,,
CLARIVATE PLC,CLVT,Research & Consulting Services,0.005737,4917190606.0,1827069.0,-16.8
CNH Industrial N.V,CNHI,Agricultural & Farm Machinery,-0.014005,16639119568.0,6643241.0,-10.27
"COSCO SHIPPING Development Co., Ltd",CITAF,Marine,0.0,,,
"COSCO SHIPPING Energy Transportation Co., Ltd",CSDXF,Marine,0.0,,,
"COSCO SHIPPING Holdings Co., Ltd",CICOF,Marine,0.2382,,,
"COSCO SHIPPING International (Hong Kong) Co., Ltd",CHDGF,Marine Ports & Services,0.0,,,
COSCO SHIPPING Ports Limited,CSPKF,Marine Ports & Services,0.57995,,,
"CPI Aerostructures, Inc",CVU,Aerospace & Defense,-0.641104,,,-18.61
"CRA International, Inc",CRAI,Research & Consulting Services,0.946,,,
"CSW Industrials, Inc",CSWI,Building Products,0.681556,,,71.98
CSX Corporation,CSX,Railroads,0.214365,,,
Caesarstone Ltd,CSTE,Building Products,0.908897,,,
Canadian Pacific Railway Limited,CP,Railroads,-0.384278,82082770000.0,891167.0,12.39
Cargotec Corporation,CYJBF,Industrial Machinery,0.250752,,,
Carlisle Companies Incorporated,CSL,Industrial Conglomerates,0.741109,18337629651.0,135315.0,80.72
Carrier Global Corporation,CARR,Building Products & Equipment,0.57703,51045045151.0,1659497.0,28.59
"Casella Waste Systems, Inc",CWST,Environmental & Facilities Services,0.035215,,,
Castor Maritime Inc,CTRM,,-0.041933,,,376.32
Caterpillar Inc,CAT,Construction Machinery & Heavy Trucks,-0.217641,184797000000.0,1281375.0,
Cathay Pacific Airways Limited,CPCAF,Airlines,-0.486781,,,
Celadon Group Inc,CGIP,Trucking,-0.527,,,-100.0
ChargePoint Holdings Inc,CHPT,Electrical Components & Equipment,-0.561269,700659991.0,10997954.0,-81.39
"Chart Industries, Inc",GTLS,Industrial Machinery,0.487393,6641641988.0,236237.0,
Chen Hsong Holdings Limited,CHHGF,Industrial Machinery,0.9501,,,
Chicago Rivet & Machine Co,CVR,Industrial Machinery,0.0,,,-47.39
China Aircraft Leasing Group Holdings Limited,CFRLF,Trading Companies & Distributors,0.7783,,,
China Eastern Airlines Corporation Limited,CEA,Airlines,0.9062,,,
China Everbright International Limited,CHFFF,Environmental & Facilities Services,1.2e-05,,,
"China High Speed Transmission Equipment Group Co., Ltd",CHSTF,Heavy Electrical Equipment,0.6249,,,5.36
China Index Holdings Ltd,CIH,,0.0,,,6.48
China Merchants Port Holdings Company Limited,CMHHF,Marine Ports & Services,0.0,,,
China Railway Group Limited,CRWOF,Construction & Engineering,0.5667,,,
China Shuifa Singyes Energy Holdings Limited,CSSXF,Construction & Engineering,0.0,,,
China Southern Airlines Company Limited,CHKIF,Airlines,0.763,,,
China State Construction International Holdings Limited,CCOHF,Construction & Engineering,0.0,,,
China Yuchai International Limited,CYD,Construction Machinery & Heavy Trucks,-0.085699,337080893.0,7101.0,8.68
Cimpress NV,CMPR,Commercial Printing,0.0,,,113.72
Cintas Corporation,CTAS,Diversified Support Services,0.564498,,,
Civeo Corp,CVEO,Diversified Support Services,0.147425,396377104.0,28578.0,28.67
Clarivate Analytics Plc,CCC,,0.28079,,,
"Clean Harbors, Inc",CLH,Environmental & Facilities Services,0.0495,10850181259.0,101284.0,38.85
"CoStar Group, Inc",CSGP,Research & Consulting Services,0.134468,,,33.52
Columbus McKinnon Corporation,CMCO,Industrial Machinery,0.496117,,,
"Comfort Systems USA, Inc",FIX,Construction & Engineering,0.0,10788527839.0,190220.0,134.63
Commercial Vehicle Group Inc,CVGI,Construction Machinery & Heavy Trucks,0.0,,,
CompX International Inc,CIX,Office Services & Supplies,0.802777,,,86.56
Concrete Pumping Holdings Class A,BBCP,Construction & Engineering,0.0,,,12.67
"Concrete Pumping Holdings, Inc",BBCP,Construction & Engineering,0.0,,,12.67
Construction Partners Inc,ROAD,Construction & Engineering,0.875,,,120.05
Continental Materials Corporation,CUO,Building Products,0.0,,,
"Controladora Vuela Compania de Aviacion, S.A.B. de C.V",CTTRF,Airlines,0.552757,,,
"Copa Holdings, S.A",CPA,Airlines,0.0,2897270400.0,76380.0,17.24
"Copart, Inc",CPRT,Diversified Support Services,-0.063047,,,
Corporacion America Airports S.A,CAAP,Airport Services,0.081775,2760095975.0,92766.0,62.15
Costamare Inc,CMRE,Marine,0.180767,1320468920.0,264126.0,16.89
Covanta Holding Corporation,CVA,Environmental & Facilities Services,-0.032017,,,
"Covenant Transportation Group, Inc",CVTI,Trucking,0.7793,,,
Crane Company,CR,Industrial Machinery,-0.096284,7713632235.0,68452.0,68.32
Cubic Corporation,CUB,Aerospace & Defense,-0.041802,,,
Cummins Inc,CMI,Construction Machinery & Heavy Trucks,0.209578,42636493934.0,351460.0,29.04
Curtiss-Wright Corporation,CW,Aerospace & Defense,0.34,9697794368.0,59289.0,42.13
Custom Truck One Source Inc,CTOS,,-0.6705,1374317104.0,371722.0,-13.05
DCC plc,DCCPF,Industrial Conglomerates,0.54665,,,-22.88
DFDS A/S,DFDDF,Marine,0.116474,,,
DLH Holdings Corp,DLHC,Human Resource & Employment Services,0.0,,,17.23
DSS Inc,DSS,Commercial Printing,0.435526,,,841.39
DSV Panalpina A/S,DSDVF,Trucking,0.603138,,,
"DXP Enterprises, Inc",DXPE,Trading Companies & Distributors,0.570219,,,
Dalian Port (PDA) Company Limited,DLPTF,Marine Ports & Services,0.0,,,
Dampskibsselskabet Norden A/S,DPBSF,Marine,0.0,,,
Danaos Corporation,DAC,Marine,0.36663,1430186960.0,79167.0,29.07
Dart Group PLC,DRTGF,Airlines,0.9325,,,
"Daseke, Inc",DSKE,Trucking,0.209068,,,7.24
Deere & Company,DE,Agricultural & Farm Machinery,0.196236,114347000000.0,787914.0,
"Delta Air Lines, Inc",DAL,Airlines,0.005773,29695828962.0,27386937.0,38.06
Deluxe Corporation,DLX,Commercial Printing,0.350628,840584032.0,112910.0,25.32
Deutsche Lufthansa AG,DLAKF,Airlines,0.146097,,,
Dialog Semiconductor Plc,DLGNF,Industrial Conglomerates,0.8556,,,
Diana Shipping inc,DSX,Marine,0.0,338869201.0,402627.0,-28.69
"Donaldson Company, Inc",DCI,Industrial Machinery,0.256396,8932592915.0,152007.0,16.75
Dongfang Electric Corporation Limited,DNGFF,Heavy Electrical Equipment,0.505806,,,
"Douglas Dynamics, Inc",PLOW,Construction Machinery & Heavy Trucks,0.511033,511623061.0,202736.0,-25.17
Dover Corporation,DOV,Industrial Machinery,0.252655,24321036080.0,441686.0,17.31
Ducommun Incorporated,DCO,Aerospace & Defense,0.636843,809216582.0,134944.0,4.76
Dun & Bradstreet Holdings Inc.,DNB,Research & Consulting Services,-0.7964,4177338282.0,1528580.0,-16.29
"Dycom Industries, Inc",DY,Construction & Engineering,-0.861146,4004322917.0,77183.0,50.38
"EMCOR Group, Inc",EME,Construction & Engineering,0.505,16578149534.0,277395.0,127.03
ENAV S.p.A,EENNF,Airport Services,0.415933,,,
ESCO Technologies Inc,ESE,Industrial Machinery,0.3243,2613364852.0,42585.0,7.92
ESS Tech Inc,GWH,Electrical Components & Equipment,0.043213,121606639.0,454080.0,-42.4
EVI Industries Inc,EVI,Trading Companies & Distributors,0.9538,,,14.56
Eagle Bulk Shipping Inc,EGLE,Marine,-0.498433,,,45.77
East Japan Railway Company,EJPRF,Railroads,-0.026936,,,
Eaton Corporation plc,ETN,Electrical Components & Equipment,0.532476,126146000000.0,1413909.0,96.52
"Echo Global Logistics, Inc",ECHO,Air Freight & Logistics,-0.093941,,,
Ehang Holdings Ltd,EH,Aerospace & Defense,0.8126,,,69.38
El Al Israel Airlines Ltd,ELALF,Airlines,0.0,,,
Elbit Systems Ltd,ESLT,Aerospace & Defense,0.725562,,,15.89
Elis SA,ELSSF,Diversified Support Services,0.363086,,,
Embraer S.A,ERJ,Aerospace & Defense,0.264394,4747564522.0,690819.0,
Emerson Electric Co,EMR,Electrical Components & Equipment,0.243336,65099479000.0,996864.0,35.59
"EnPro Industries, Inc",NPO,Industrial Machinery,0.0,3347736558.0,26517.0,61.62
"EnSync, Inc",ESNC,Electrical Components & Equipment,0.737442,,,0.0
Encore Wire Corporation,WIRE,Electrical Components & Equipment,0.665567,,,
EnerSys,ENS,Electrical Components & Equipment,0.790705,3642893907.0,100006.0,11.11
Energous Corporation,WATT,Electrical Components & Equipment,0.5755,,,272.92
Energy Focu,EFOI,Electrical Components & Equipment,0.0,,,158.93
"Energy Recovery, Inc",ERII,Industrial Machinery,0.318028,,,
Energy Vault Holdings Inc,NRGV,Electrical Components & Equipment,0.404279,188261585.0,1717101.0,-37.13
Enerpac Tool Group Corp,EPAC,,0.52978,1886938121.0,104368.0,45.79
Eneti Inc,NETI,Marine,-0.155029,,,15.85
"Ennis, Inc",EBF,Commercial Printing,0.307561,505850365.0,64757.0,-4.98
Enovix Corp,ENVX,Electrical Components & Equipment,0.0,,,-49.18
Equifax Inc,EFX,Research & Consulting Services,-0.315948,30826714878.0,680578.0,27.13
Espey Mfg. & Electronics Corp,ESP,Electrical Components & Equipment,0.8998,,,12.47
Euro Tech Holdings Company Ltd,CLWT,Trading Companies & Distributors,0.0,,,4.97
EuroDry Ltd,EDRY,Marine,0.6124,,,24.52
Euroseas Ltd,ESEA,Marine,0.418133,,,86.94
Evoqua Water Technologies Corp,AQUA,Industrial Machinery,0.376248,,,36.76
"Expeditors International of Washington, Inc",EXPD,Air Freight & Logistics,0.594983,16990189288.0,432741.0,
Experian plc,EXPGF,Research & Consulting Services,-0.009845,,,
"Exponent, Inc",EXPO,Research & Consulting Services,0.373514,,,
FLSmidth & Co. A/S,FLIDF,Construction & Engineering,0.396537,,,
"FTE Networks, Inc",FTNW,Construction & Engineering,-0.87015,,,
"FTI Consulting, Inc",FCN,Research & Consulting Services,0.095247,7333725217.0,51477.0,1.03
Fanuc Corporation,FANUF,Industrial Machinery,0.205399,,,
Fastenal Company,FAST,Trading Companies & Distributors,0.410872,,,
FedEx Corporation,FDX,Air Freight & Logistics,0.386622,66214177806.0,1219414.0,18.33
Federal Signal Corporation,FSS,Construction Machinery & Heavy Trucks,0.738662,5089526099.0,167856.0,63.12
Ferguson plc,FERGY,Trading Companies & Distributors,0.251421,,,
"Ferrovial, S.A",FRRVF,Construction & Engineering,0.28437,,,
First Tractor Company Limited,FIRRF,Agricultural & Farm Machinery,0.0,,,
Flowserve Corporation,FLS,Industrial Machinery,0.456644,6224092152.0,263966.0,42.16
Fluor Corporation,FLR,Construction & Engineering,0.135409,7092277409.0,792288.0,35.96
Flux Power Holdings Inc,FLUX,Electrical Components & Equipment,0.712965,,,9.4
Fly Leasing Limited,FLY,Trading Companies & Distributors,0.46129,,,
"Fomento de Construcciones y Contratas, S.A",FMOCF,Construction & Engineering,0.39515,,,
"Forrester Research, Inc",FORR,Research & Consulting Services,0.380359,,,-41.29
Fortive Corporation,FTV,Industrial Machinery,0.542816,29389401035.0,553378.0,24.26
"Fortune Brands Home & Security, Inc",FBHS,Building Products,0.693881,,,
Forward Air Corporation,FWRD,Air Freight & Logistics,-0.118157,,,-73.61
Fosun International Limited,FOSUF,Industrial Conglomerates,0.345562,,,
"Foundation Building Materials, Inc",FBM,Trading Companies & Distributors,-0.521647,,,
Franklin Covey Co,FC,Research & Consulting Services,0.049567,508749773.0,87813.0,1.66
"Franklin Electric Co., Inc",FELE,Industrial Machinery,0.498164,,,
"FreightCar America, Inc",RAIL,Construction Machinery & Heavy Trucks,0.0,,,
Frontier Group Holdings Inc,ULCC,Airlines,0.0,,,-28.59
"Fuel Tech, Inc",FTEK,Environmental & Facilities Services,0.659935,,,
FuelCell Energy Inc,FCEL,Electrical Components & Equipment,0.669722,,,
Furmanite Corp,FRM,Construction & Engineering,0.0,,,
GATX Corporation,GATX,Trading Companies & Distributors,0.275433,4623786250.0,69568.0,16.17
"GEE Group, Inc",JOB,Human Resource & Employment Services,-0.064043,,,-17.4
GMS Inc,GMS,Trading Companies & Distributors,0.558527,3839165067.0,168433.0,77.94
GP Strategies Corporation,GPX,Human Resource & Employment Services,-0.348252,,,
Gates Industrial Corporation plc,GTES,Industrial Machinery,0.417531,4590395173.0,721130.0,29.98
Genco Shipping & Trading Limited,GNK,Marine,0.49458,881101982.0,327165.0,31.74
Gencor Industries Inc,GENC,Industrial Machinery,0.0,,,11.36
Generac Holdings Inc,GNRC,Electrical Components & Equipment,-0.459419,8224952736.0,653748.0,33.94
General Dynamics Corporation,GD,Aerospace & Defense,0.3504,79535082740.0,528390.0,25.22
General Electric Company,GE,Industrial Conglomerates,0.218484,215904000000.0,4608807.0,
General Finance Corporation,GFN,Trading Companies & Distributors,-0.364581,,,
"General Steel Holdings, Inc",GSIH,Trading Companies & Distributors,0.0,,,100.0
"Gibraltar Industries, Inc",ROCK,Building Products,0.475143,,,
Global Industrial Co,GIC,Trading Companies & Distributors,0.186276,1623522956.0,43103.0,61.12
Global Ship Lease Inc,GSL,Marine,0.474525,757956477.0,301343.0,10.15
Globus Maritime Ltd,GLBS,Marine,0.0,,,101.42
Gol Linhas Aereas Inteligentes SA ADR,GOL,Airlines,0.0,,,-15.42
Golden Ocean Group Limited,GOGL,Marine,0.198919,,,42.76
Grab Holdings Ltd,GRAB,Trucking,0.0258,,,12.58
Graco Inc,GGG,Industrial Machinery,-0.103844,15443846440.0,161416.0,28.57
GrafTech International Ltd,EAF,Electrical Components & Equipment,-0.622508,414783470.0,4404359.0,-67.74
Graham Corporation,GHM,Industrial Machinery,0.3532,322251012.0,49134.0,115.83
Granite Construction Incorporated,GVA,Construction & Engineering,0.037737,2414078941.0,158785.0,40.64
Great Lakes Dredge & Dock Corporation,GLDD,Construction & Engineering,0.323627,,,
Greenland Acquisition Corp,GTEC,,0.0,,,23.23
Griffon Corporation,GFF,Building Products,0.91405,3452624787.0,178316.0,124.17
Groupe ADP,AEOXF,Airport Services,0.150069,,,
Grupo Aeroportuario del Centro Norte SAB de CV,OMAB,Airport Services,0.0,,,-11.86
"Grupo Aeroportuario del Pacifico, S.A.B. de C.V",GPAEF,Airport Services,-0.306733,,,20.98
"Grupo Aeroportuario del Sureste, S. A. B. de C. V",ASR,Airport Services,0.0,9700500000.0,31114.0,5.38
Guangshen Railway Company Limited,GNGYF,Railroads,0.0,,,
Guoco Group Limited,GULRF,Industrial Conglomerates,0.0,,,
"H&E Equipment Services, Inc",HEES,Trading Companies & Distributors,0.0,,,
"HD Supply Holdings, Inc",HDS,Trading Companies & Distributors,-0.383806,,,
HEICO Corporation,HEI,Aerospace & Defense,0.693132,26298914856.0,149617.0,
HNI Corporation,HNI,Office Services & Supplies,-0.053413,1958779202.0,81427.0,59.84
"Haber, Inc",ASPT,Research & Consulting Services,0.0,,,-100.0
Haitian International Holdings Limited,HAIIF,Industrial Machinery,0.0,,,
Hapag-Lloyd Aktiengesellschaft,HLAGF,Marine,0.0,,,
Harsco Corporation,HSC,Industrial Machinery,-0.324871,,,27.33
"Hawaiian Holdings, Inc",HA,Airlines,0.399175,,,
Hays plc,HAYPF,Human Resource & Employment Services,-0.195419,,,
HeadHunter Group PLC ADR,HHR,,0.0,,,0.0
"Healthcare Services Group, Inc",HCSG,Diversified Support Services,-0.502219,,,
"Heartland Express, Inc",HTLD,Trucking,0.4869,,,
"Heidrick & Struggles International, Inc",HSII,Human Resource & Employment Services,0.181586,,,8.11
Helios Technologies Inc,HLIO,,0.576554,1507796567.0,173027.0,-23.26
Herc Holdings Inc,HRI,Trading Companies & Distributors,0.296267,4554731494.0,101360.0,48.02
"Heritage-Crystal Clean, Inc",HCCI,Environmental & Facilities Services,0.202542,,,55.27
"Herman Miller, Inc",MLHR,Office Services & Supplies,-0.17497,,,
"Hertz Global Holdings, Inc",HTZ,Trucking,-0.066459,,,-54.84
Hexcel Corporation,HXL,Aerospace & Defense,0.031791,5316444630.0,4292411.0,-6.56
Highway Holdings Limited,HIHO,Industrial Machinery,0.9954,,,7.17
"Hill International, Inc",HIL,Research & Consulting Services,-0.540907,,,
"Hillenbrand, Inc",HI,Industrial Machinery,0.185531,3298887643.0,124990.0,3.5
Hirequest Inc,HQI,,0.0,,,-41.95
Hoku Corporation,HOKUQ,Electrical Components & Equipment,0.0,,,-66.67
Honeywell International Inc,HON,Industrial Conglomerates,0.288502,,,
Hoshizaki Corporation,HSHIF,Industrial Machinery,0.8614,,,
Houston Wire & Cable Company,HWCC,Trading Companies & Distributors,-0.732997,,,
Howden Joinery Group Plc,HWDJF,Trading Companies & Distributors,0.0,,,
Howmet Aerospace Inc,HWM,Specialty Industrial Machinery,-0.634704,26624603913.0,1687707.0,48.86
"Hub Group, Inc",HUBG,Air Freight & Logistics,0.583768,,,
Hubbell Inc,HUBB,Electrical Components & Equipment,0.60535,21887842091.0,217542.0,79.23
Hudson Global Inc,HSON,Human Resource & Employment Services,0.0,,,-22.0
"Hudson Technologies, Inc",HDSN,Environmental & Facilities Services,0.866075,,,
"Huntington Ingalls Industries, Inc",HII,Aerospace & Defense,0.328585,10944449514.0,202199.0,28.27
"Hurco Companies, Inc",HURC,Industrial Machinery,0.924067,,,-27.74
Huron Consulting Group Inc,HURN,Research & Consulting Services,0.0,,,
"Huttig Building Products, Inc",HBP,Trading Companies & Distributors,0.0,,,
Hyliion Holdings Corp,HYLN,Industrial Machinery,0.44033,272064437.0,762867.0,-6.01
"Hyster-Yale Materials Handling, Inc",HY,Industrial Machinery,0.0,1094100016.0,42109.0,35.64
IAA Inc,IAA,Specialized Consumer Services,0.360412,,,1.22
"ICF International, Inc",ICFI,Research & Consulting Services,0.69715,,,30.38
IDEX Corporation,IEX,Industrial Machinery,0.33549,17902063816.0,110881.0,6.22
IES Holdings Inc,IESC,Construction & Engineering,0.7184,,,202.96
IHS Markit Ltd,INFO,Research & Consulting Services,0.118252,,,
IMCD N.V,IMDZF,Trading Companies & Distributors,0.749118,,,
IMI plc,IMIAF,Industrial Machinery,0.443906,,,
ISS A/S,ISFFF,Diversified Support Services,0.029022,,,
ITOCHU Corporation,ITOCF,Trading Companies & Distributors,0.520369,,,
ITT Inc,ITT,Industrial Machinery,0.068561,10705840000.0,66304.0,55.97
IWG plc,IWGFF,Office Services & Supplies,0.9451,,,
Icahn Enterprises LP,IEP,Industrial Conglomerates,-0.192721,,,-66.83
Ideal Power Inc,IPWR,Electrical Components & Equipment,0.878762,,,
Illinois Tool Works Inc,ITW,Industrial Machinery,0.164457,77514696000.0,413727.0,11.66
"India Globalization Capital, Inc",IGC,,0.0,,,52.25
"Industrial Services of America, Inc",IDSA,Environmental & Facilities Services,-0.696483,,,
Ingersoll Rand Inc,IR,Industrial Machinery,-0.045364,37567958923.0,551473.0,62.33
"Innovative Solutions and Support, Inc",ISSC,Aerospace & Defense,0.6908,,,-8.74
"Insperity, Inc",NSP,Human Resource & Employment Services,-0.532181,3895999333.0,104236.0,-14.08
"Insteel Industries, Inc",IIIN,Building Products,0.6808,660745221.0,40365.0,
"Interface, Inc",TILE,Office Services & Supplies,-0.115703,,,
"International Consolidated Airlines Group, S.A",BABWF,Airlines,0.0,,,
Intertek Group plc,IKTSF,Research & Consulting Services,0.542834,,,
"J.B. Hunt Transport Services, Inc",JBHT,Trucking,0.799782,,,
"JELD-WEN Holding, Inc",JELD,Building Products,-0.309258,1674675313.0,1360954.0,67.86
Jacobs Engineering Group Inc,J,Construction & Engineering,0.362117,18208083077.0,99358.0,
Janone Inc,JAN,,-0.0574,,,207.61
"Jason Industries, Inc",JASN,Industrial Machinery,0.313814,,,
JetBlue Airways Corporation,JBLU,Airlines,-0.066067,,,-1.88
Jewett-Cameron Trading Company Ltd,JCTCF,Building Products,0.0,,,-4.32
Jiangsu Expressway Company Limited,JEXYF,Highways & Railtracks,0.0,,,
John Bean Technologies Corporation,JBT,Industrial Machinery,-0.089662,2996167487.0,120049.0,-10.3
Johnson Controls International plc,JCI,Building Products,0.342368,44415266473.0,2257341.0,12.55
Johnson Electric Holdings Limited,JEHLY,Electrical Components & Equipment,0.0,,,
"KAR Auction Services, Inc",KAR,Diversified Support Services,0.268575,1857843387.0,434915.0,28.94
KION GROUP AG,KIGRY,Construction Machinery & Heavy Trucks,0.462449,,,
KONE Oyj,KNYJF,Industrial Machinery,0.527817,,,
Kadant Inc,KAI,Industrial Machinery,0.6123,3440056088.0,50945.0,52.44
Kaman Corporation,KAMN,Trading Companies & Distributors,0.264722,1298715577.0,306719.0,106.06
Kansas City Southern,KSU,Railroads,-0.392613,,,
"Kelly Services, Inc",KELYA,Human Resource & Employment Services,0.381582,,,
Kennametal Inc,KMT,Industrial Machinery,0.45947,1881468276.0,215981.0,-12.4
Kerry Logistics Network Limited,KRRYF,Air Freight & Logistics,0.0,,,
Kforce Inc,KFRC,Human Resource & Employment Services,0.4767,,,
"Kimball International, Inc",KBAL,Office Services & Supplies,-0.007943,,,
Kirby Corporation,KEX,Marine,0.052555,5817379410.0,134404.0,41.77
Knight-Swift Transportation Holdings Inc,KNX,Trucking,0.197625,8306469275.0,1541236.0,-6.74
"Knoll, Inc",KNL,Office Services & Supplies,-0.523892,,,
Komatsu Ltd,KMTUF,Construction Machinery & Heavy Trucks,0.441635,,,
Kongsberg Gruppen ASA,KOG,Aerospace & Defense,0.515717,,,
Korn Ferry,KFY,Human Resource & Employment Services,0.362285,3284746045.0,153615.0,22.96
Kornit Digital Ltd,KRNT,Industrial Machinery,-0.661145,,,
"Kratos Defense & Security Solutions, Inc",KTOS,Aerospace & Defense,0.718607,,,
Kurita Water Industries Ltd,KTWIF,Industrial Machinery,0.325372,,,
L.B. Foster Company,FSTR,Industrial Machinery,-0.282644,,,
L3Harris Technologies Inc,LHX,Communications Equipment,0.254633,39049104162.0,662554.0,1.19
LATAM Airlines Group S.A,LTM,Airlines,0.524329,,,
LSI Industries Inc,LYTS,Electrical Components & Equipment,0.050775,,,
LYFT Inc,LYFT,Specialized Consumer Services,-0.124566,,,
"Landstar System, Inc",LSTR,Trucking,0.36184,,,
"Lawson Products, Inc",LAWS,Trading Companies & Distributors,-0.705311,,,
Lennox International Inc,LII,Building Products,0.649854,16627700166.0,128007.0,88.42
Lightbridge Corporation,LTBR,Research & Consulting Services,0.437901,,,
"Limbach Holdings, Inc",LMB,Construction & Engineering,-0.89255,,,122.7
"Lincoln Electric Holdings, Inc",LECO,Industrial Machinery,0.53294,,,
Lindsay Corporation,LNN,Agricultural & Farm Machinery,0.324461,1264765664.0,58896.0,-10.98
Lockheed Martin Corporation,LMT,Aerospace & Defense,0.189829,109045000000.0,685903.0,
Lonking Holdings Limited,LKHLY,Construction Machinery & Heavy Trucks,0.0,,,
Luxfer Holdings PLC,LXFR,Industrial Machinery,0.821673,,,-35.21
"Lydall, Inc",LDL,Industrial Machinery,-0.524081,,,
MICT Inc,MICT,Aerospace & Defense,0.6369,,,402.3
MRC Global Inc,MRC,Trading Companies & Distributors,0.583125,1062895791.0,226475.0,34.07
MSA Safety Incorporated,MNESP,Office Services & Supplies,0.626165,,,
"MSC Industrial Direct Co., Inc",MSM,Trading Companies & Distributors,0.7961,5222444676.0,484604.0,5.81
MTR Corporation Limited,MTCPY,Railroads,0.0,,,
MYR Group Inc,MYRG,Construction & Engineering,0.803644,,,
Macquarie Infrastructure Corporation,MIC,Airport Services,-0.197311,,,
"Manitex International, Inc",MNTX,Construction Machinery & Heavy Trucks,0.74825,,,13.19
Manitowoc Company Inc,MTW,Construction Machinery & Heavy Trucks,0.39896,468719206.0,163865.0,-11.8
ManpowerGroup Inc,MAN,Human Resource & Employment Services,0.90088,3505157491.0,145140.0,-7.43
"Marten Transport, Ltd",MRTN,Trucking,0.21875,,,
Marubeni Corporation,MARUF,Trading Companies & Distributors,0.424897,,,
"MasTec, Inc",MTZ,Construction & Engineering,0.450255,7081435906.0,239311.0,-1.35
Masco Corporation,MAS,Building Products,0.31124,16343918216.0,1393206.0,52.9
Masonite International Corporation,DOOR,Building Products,-0.169225,2870519318.0,424334.0,44.45
"Mastech Digital, Inc",MHH,Human Resource & Employment Services,-0.26702,,,-7.8
"Matson, Inc",MATX,Marine,-0.224781,3713463397.0,96347.0,82.41
Matthews International Corporation,MATW,Diversified Support Services,0.5546,,,
Maxar Technologies Inc,MAXR,Aerospace & Defense,-0.174969,,,60.43
McGrath RentCorp,MGRC,Diversified Support Services,-0.159012,,,30.76
Melrose Industries PLC,MRO,Heavy Electrical Equipment,0.121,,,
"Mercury Systems, Inc",MRCY,Aerospace & Defense,-0.670687,,,
"Meritor, Inc",MTOR,Construction Machinery & Heavy Trucks,-0.367281,,,
Mesa Air Group Inc,MESA,Airlines,0.069817,,,
Metallurgical Corporation of China Ltd,MLLUY,Construction & Engineering,0.0,,,
"Millennium Cell, Inc",MCELQ,Electrical Components & Equipment,0.0,,,-70.0
"Miller Industries, Inc",MLLS,Construction Machinery & Heavy Trucks,0.0,,,
MinebeaMitsumi Inc,MNBEF,Industrial Machinery,0.4427,,,
"Mistras Group, Inc",MG,Research & Consulting Services,0.0,278776544.0,52276.0,20.08
Mitsubishi Corporation,MSBHF,Trading Companies & Distributors,0.339501,,,
Mitsubishi Electric Corporation,MIELF,Heavy Electrical Equipment,0.377906,,,
"Mobile Mini, Inc",MINI,Diversified Support Services,-0.199229,,,
Moog Inc,MOG-A,,0.185652,,,
"Mueller Industries, Inc",MLI,Industrial Machinery,0.0,5869244858.0,266193.0,-25.54
"Mueller Water Products, Inc",MWA,Industrial Machinery,-0.149741,2358277457.0,683697.0,9.81
"NL Industries, Inc",NL,Office Services & Supplies,0.424768,409708047.0,47578.0,30.19
"NN, Inc",NNBR,Industrial Machinery,0.437831,,,271.56
DNOW Inc,DNOW,Trading Companies & Distributors,0.378892,1592491440.0,369159.0,40.63
"NV5 Global, Inc",NVEE,Construction & Engineering,0.34,,,-2.95
NWS Holdings Limited,NWSGY,Industrial Conglomerates,-0.5849,,,
"National Presto Industries, Inc",NPK,Aerospace & Defense,0.0411,559859797.0,14084.0,12.59
Navios Maritime Holdings Inc,NM,Marine,-0.049053,,,33.82
Navios Maritime Partners LP Unit,NMM,Marine,0.0,1253255790.0,119054.0,78.4
Navistar International Corporation,NAV,Construction Machinery & Heavy Trucks,-0.150632,,,
Nel ASA,NLLSY,Construction & Engineering,0.728017,,,
Nidec Corporation,NJDCY,Electrical Components & Equipment,0.415964,,,
Nielsen Holdings plc,NLSN,Research & Consulting Services,0.071421,,,
Nihon M&A Center Inc,NHMAF,Research & Consulting Services,0.368,,,
Nordson Corporation,NDSN,Industrial Machinery,0.250388,,,
Norfolk Southern Corporation,NSC,Railroads,-0.014925,56323554020.0,557071.0,20.05
Northrop Grumman Corporation,NOC,Aerospace & Defense,0.244398,68590322898.0,498713.0,-2.95
Northwest Pipe Company,NWPX,Construction & Engineering,0.210236,,,16.4
Ocean Power Technologies Inc,OPTT,Heavy Electrical Equipment,0.415775,,,
"Odyssey Marine Exploration, Inc",OMEX,Diversified Support Services,0.0,,,16.72
"Old Dominion Freight Line, Inc",ODFL,Trucking,0.1482,,,
"Omega Flex, Inc",OFLX,Industrial Machinery,0.4588,,,-33.35
Orient Overseas (International) Limited,OROVF,Marine,0.0,,,
"Orion Energy Systems, Inc",OESX,Electrical Components & Equipment,0.869318,,,
"Orion Group Holdings, Inc",ORN,Construction & Engineering,0.23575,272107801.0,214790.0,231.78
Oshkosh Corporation,OSK,Construction Machinery & Heavy Trucks,0.413956,8130034001.0,135777.0,54.16
Osterreichische Post AG,OERCF,Air Freight & Logistics,0.0,,,
Otis Worldwide Corporation,OTIS,Specialty Industrial Machinery,0.415707,39580480590.0,518859.0,20.34
Outotec Oyj,OUKPF,Construction Machinery & Heavy Trucks,0.480277,,,
Owens Corning,OC,Building Products,0.615533,14441278785.0,228005.0,70.13
"P.A.M. Transportation Services, Inc",PTSI,Trucking,0.6124,,,-45.56
PACCAR Inc,PCAR,Construction Machinery & Heavy Trucks,0.434434,,,
"PGT Innovations, Inc",PGTI,Building Products,0.100259,,,82.91
Pacific Basin Shipping Limited,PCFBF,Marine,0.0,,,
Pangaea Logistic,PANL,Marine,0.0,,,12.31
Paragon Shipping Inc,PRGNF,Marine,0.0,,,900.0
Park Electrochemical Corporation,PKE,Electronic Manufacturing Services,0.0,314534696.0,17823.0,18.53
Park-Ohio Holdings Corp,PKOH,Industrial Machinery,-0.5423,,,108.13
Parker-Hannifin Corporation,PH,Industrial Machinery,-0.0145,71365616219.0,244389.0,70.67
Parsons Corp,PSN,Aerospace & Defense,0.2732,8532509807.0,410406.0,72.78
"Patrick Industries, Inc",PATK,Building Products,-0.05135,,,59.65
Patriot Transportation Holding Inc,PATI,Trucking,-0.6486,,,119.14
Pendrell Corp,PCOA,Research & Consulting Services,0.2443,,,
Pentair plc,PNR,Industrial Machinery,0.563965,13589670296.0,771602.0,53.17
Performant Financial Corporation,PFMT,Diversified Support Services,0.7184,,,
"Perma-Fix Environmental Services, Inc",PESI,Environmental & Facilities Services,-0.8591,,,-6.41
"Pioneer Power Solutions, Inc",PPSI,Heavy Electrical Equipment,0.0,,,0.23
Pitney Bowes Inc,PBI,Office Services & Supplies,0.508479,710528030.0,1140166.0,5.06
Plug Power Inc,PLUG,Electrical Components & Equipment,0.36355,,,
"Polar Power, Inc",POLA,Heavy Electrical Equipment,0.567905,,,-65.52
"Powell Industries, Inc",POWL,Electrical Components & Equipment,0.0,,,218.94
"Power Solutions International, Inc",PSIX,Heavy Electrical Equipment,0.79924,,,47.5
Preformed Line Products Company,PLPC,Electrical Components & Equipment,0.0,,,0.95
"Proto Labs, Inc",PRLB,Industrial Machinery,0.212998,835449163.0,52747.0,5.96
Prysmian S.p.A,PRYMF,Electrical Components & Equipment,0.559194,,,
QinetiQ Group plc,QQ,Aerospace & Defense,0.574662,,,
"Quad/Graphics, Inc",QUAD,Commercial Printing,-0.278819,262456308.0,86884.0,25.63
Quanex Building Products,NX,Building Products,0.0,1202984570.0,77796.0,79.07
"Quanta Services, Inc",PWR,Construction & Engineering,0.561613,37203723290.0,410578.0,54.38
Quest Resource Holding Corporation,QRHC,Environmental & Facilities Services,-0.2023,,,53.38
R. R. Donnelley & Sons Company,RRD,Commercial Printing,-0.27185,,,
RBC Bearings Incorporated,RBC,Industrial Machinery,-0.34483,,,
"RCM Technologies, Inc",RCMT,Research & Consulting Services,0.540242,,,61.92
RELX NV,RENX,Research & Consulting Services,0.503,,,
RELX PLC,RELX,Research & Consulting Services,0.357438,78305521435.0,1239860.0,
"REV Group, Inc",REVG,Construction Machinery & Heavy Trucks,0.060715,1183117367.0,740342.0,97.76
"Radiant Logistics, Inc",RLGT,Air Freight & Logistics,0.0,,,-17.98
Randstad N.V,RANJF,Human Resource & Employment Services,0.566697,,,
"Raven Industries, Inc",RAVN,Industrial Conglomerates,0.059789,,,
Raytheon Technologies Corporation,RTX,Aerospace & Defense,-0.490276,134978000000.0,3046700.0,-1.12
Red Violet Inc,RDVT,Research & Consulting Services,0.0,,,
Regal Beloit Corporation,RBC,Electrical Components & Equipment,-0.003067,7645225573.0,36000.0,17.31
Rekor Systems Inc,REKR,,0.67745,,,66.08
Rentokil Initial plc,RKLIF,Environmental & Facilities Services,-0.587395,,,
"Republic Services, Inc",RSG,Environmental & Facilities Services,-0.048137,59618704721.0,615469.0,37.66
Resideo Technologies Inc,REZI,Building Products,0.424877,3118541062.0,216246.0,19.82
Rexel S.A,RXL,Trading Companies & Distributors,0.781167,,,
Roadrunner Transportation Systems Inc,RRTS,Trucking,0.0,,,-31.54
Robert Half International Inc,RHI,Human Resource & Employment Services,0.696386,7708102145.0,437656.0,-1.79
"Rockwell Automation, Inc",ROK,Electrical Components & Equipment,0.350406,32125300408.0,402448.0,0.97
"Rollins, Inc",ROL,Environmental & Facilities Services,-0.250393,21866768302.0,729698.0,14.76
Rolls-Royce Holdings plc,RLLCF,Aerospace & Defense,0.207408,,,
"Roper Technologies, Inc",ROP,Industrial Conglomerates,0.052458,,,21.55
Rotork plc,ROR,Industrial Machinery,0.352165,,,
Royal Mail plc,ROYMF,Air Freight & Logistics,-0.164311,,,
"Rush Enterprises, Inc",RUSHA,Trading Companies & Distributors,0.36795,,,
Ryanair Holdings plc,RYA,Airlines,-0.195025,,,53.38
"Ryder System, Inc",R,Trucking,0.456381,5135683591.0,103670.0,34.76
SG Blocks Inc,SGBX,Industrial Machinery,0.0,,,-82.21
"SIFCO Industries, Inc",SIF,Aerospace & Defense,-0.201142,,,-7.6
SITC International Holdings Company Limited,SITIY,Marine,0.0,,,
SMC Corporation,SMCAY,Industrial Machinery,0.112343,,,
SP Plus Corporation,SP,Environmental & Facilities Services,-0.28333,,,
SPX Corp,SPXC,Industrial Machinery,0.0,5574166636.0,189010.0,80.55
"SPX FLOW, Inc",FLOW,Industrial Machinery,0.441118,,,18.37
Safe Bulkers Inc,SB,Marine,0.7845,529021105.0,358915.0,29.46
Safran SA,SAFRF,Aerospace & Defense,-0.045704,,,
"Saia, Inc",SAIA,Trucking,0.831853,,,
Sandvik AB,SDVKF,Industrial Machinery,0.559682,,,
Sany Heavy Equipment International Holdings Company Limited,SNYYF,Construction Machinery & Heavy Trucks,0.0,,,
"Schneider National, Inc",SNDR,Trucking,0.556761,3859361664.0,315758.0,-17.8
Seanergy Maritime Holdings Corp,SHIP,Marine,0.566285,,,
Sensata Technologies Holding plc,ST,Electrical Components & Equipment,0.6808,5270207512.0,397437.0,-25.35
Serco Group plc,SCGPY,Environmental & Facilities Services,0.248114,,,
"Servotronics, Inc",SVT,Electrical Components & Equipment,0.772671,,,12.22
Shanghai Electric Group Company Limited,SIELY,Heavy Electrical Equipment,0.782795,,,
Shanghai Industrial Holdings Limited,SGHIF,Industrial Conglomerates,0.0,,,
Sharing Economy International Inc,SEII,Industrial Machinery,0.52572,,,-94.63
Shenzhen Expressway Company Limited,SHZNF,Highways & Railtracks,0.213327,,,
Shenzhen International Holdings Limited,SZIHF,Highways & Railtracks,0.0,,,-10.96
Shun Tak Holdings Limited,SHTGF,Industrial Conglomerates,0.1531,,,
Shyft Group Inc,SHYF,Industrial Machinery,0.337721,,,-46.57
Sichuan Expressway Company Limited,SEXHF,Highways & Railtracks,0.0,,,
Siemens Aktiengesellschaft,SIEGY,Industrial Conglomerates,0.507171,,,
Signify N.V,PHPPY,Electrical Components & Equipment,0.5141,,,
"Simpson Manufacturing Co., Inc",SSD,Building Products,0.446683,7697258663.0,134233.0,69.39
Singamas Container Holdings Limited,SNGSF,Industrial Machinery,0.0,,,
Sinotrans Limited,SNOTF,Air Freight & Logistics,0.7579,,,
Sinotruk (Hong Kong) Limited,SHKLY,Construction Machinery & Heavy Trucks,0.0,,,
SiteOne Landscape Supply Inc,SITE,Trading Companies & Distributors,0.0,7748263148.0,176641.0,27.63
"SkyWest, Inc",SKYW,Airlines,0.139483,,,
Smart Powerr Corp,CREG,Environmental & Facilities Services,0.497877,,,-9.62
Smiths Group plc,SMGKF,Industrial Conglomerates,0.198364,,,
Snap-on Incorporated,SNA,Industrial Machinery,0.537141,15355981920.0,104561.0,22.23
Southwest Airlines Co,LUV,Airlines,-0.02915,16751356483.0,6762738.0,-12.85
Spirax-Sarco Engineering plc,SPXSF,Industrial Machinery,0.0,,,
"Spirit AeroSystems Holdings, Inc",SPR,Aerospace & Defense,-0.390377,3937693660.0,1042177.0,-5.49
"Spirit Airlines, Inc",SAVE,Airlines,0.043433,494293165.0,4699486.0,-75.46
Staffing 360 Solutions Inc,STAF,Human Resource & Employment Services,-0.015471,,,-75.68
Standex International Corporation,SXI,Industrial Machinery,0.0,1988329185.0,62131.0,43.18
"Stanley Black & Decker, Inc",BKDKP,Industrial Machinery,0.081742,,,
Star Bulk Carriers Corp,SBLK,Marine,0.105365,,,10.0
Steel Partners Holdings L.P,SPLP,Industrial Conglomerates,-0.9716,805558647.0,216.0,0.0
Steelcase Inc,SCS,Office Services & Supplies,0.452009,1386651717.0,389314.0,55.34
Stem Inc,STEM,Electrical Components & Equipment,0.409776,291881197.0,4046409.0,-64.5
"Stericycle, Inc",SRCL,Environmental & Facilities Services,0.034382,,,
Sterling Construction Company Inc,STRL,Construction & Engineering,0.0,,,
Sumitomo Corporation,SSUMF,Trading Companies & Distributors,0.368132,,,
Sunrun Inc,RUN,Electrical Components & Equipment,0.005762,,,
Sunworks Inc,SUNW,Electrical Components & Equipment,0.251863,,,
"Supreme Industries, Inc",STS,Construction Machinery & Heavy Trucks,0.77565,,,
TAT Technologies Ltd,TATT,Aerospace & Defense,0.12037,,,87.77
TOMI Environmental Solutions Inc,TOMZ,Environmental & Facilities Services,0.2899,,,-24.4
"TPI Composites, Inc",TPIC,Heavy Electrical Equipment,0.639638,,,-80.94
"Taylor Devices, Inc",TAYD,Industrial Machinery,-0.34,,,148.98
Tecogen Inc,TGEN,Building Products,0.593863,,,-4.75
Teledyne Technologies Incorporated,TDY,Aerospace & Defense,-0.182598,19007396836.0,169662.0,-8.46
Tennant Company,TNC,Industrial Machinery,0.286856,2196985363.0,50817.0,76.63
Terex Corporation,TEX,Construction Machinery & Heavy Trucks,0.83191,4284650000.0,478359.0,41.92
"Tetra Tech, Inc",TTEK,Environmental & Facilities Services,0.379007,,,
Textainer Group Holdings Limited,TGH,Trading Companies & Distributors,-0.55918,,,55.9
Textron Inc,TXT,Aerospace & Defense,0.289009,18450340362.0,575710.0,39.24
The Boeing Company,BA,Aerospace & Defense,-0.113912,106164000000.0,7627904.0,
The Brink's Company,BCO,Security & Alarm Services,0.072712,3867671184.0,69564.0,33.85
The Eastern Company,EML,Industrial Machinery,-0.216675,,,71.27
The ExOne Company,XONE,Industrial Machinery,-0.481318,,,
The Goldfield Corporation,GV,Construction & Engineering,-0.76184,,,-0.12
The Gorman-Rupp Company,GRC,Industrial Machinery,-0.1156,972700191.0,30329.0,53.73
"The Greenbrier Companies, Inc",GBX,Construction Machinery & Heavy Trucks,0.054024,1647138194.0,191298.0,
The KeyW Holding Corporation,KEYW,Aerospace & Defense,-0.747603,,,
The L.S. Starrett Company,SCX,Industrial Machinery,-0.52165,119779752.0,45683.0,44.83
The Middleby Corporation,MIDD,Industrial Machinery,0.521233,,,
The Timken Company,TKR,Industrial Machinery,0.593045,6025397224.0,272107.0,9.41
The Toro Company,TTC,Agricultural & Farm Machinery,0.679771,9015527180.0,430054.0,-17.73
The Weir Group PLC,WEGRY,Industrial Machinery,0.64145,,,
"Thermon Group Holdings, Inc",THR,Electrical Components & Equipment,0.371322,1057294121.0,109165.0,34.39
Tianjin Port Development Holdings Limited,TJIPF,Marine Ports & Services,0.0,,,
"Titan International, Inc",TWI,Agricultural & Farm Machinery,0.344114,727441309.0,97285.0,16.1
Titan Machinery Inc,TITN,Trading Companies & Distributors,0.234074,,,
Tokyu Corporation,TOKUF,Railroads,0.52675,,,
Toromont Industries Ltd,TMTNF,Trading Companies & Distributors,-0.52687,,,
Toshiba Corporation,TOSBF,Industrial Conglomerates,0.296181,,,
Toto Ltd,TOTDF,Building Products,0.662189,,,
Toyota Tsusho Corporation,TYHOF,Trading Companies & Distributors,0.503565,,,
Trane Technologies plc,TT,Specialty Industrial Machinery,0.677135,67754945558.0,364090.0,69.23
TransDigm Group Incorporated,TDG,Aerospace & Defense,0.069875,67989219262.0,77002.0,63.02
TransUnion,TRU,Research & Consulting Services,-0.077927,14879800000.0,754489.0,20.26
Transcat Inc,TRNS,Trading Companies & Distributors,0.742128,,,32.19
"Trex Company, Inc",TREX,Building Products,0.32768,10006949703.0,535324.0,82.01
TriMas Corporation,TRS,Industrial Machinery,0.122093,,,
"TriNet Group, Inc",TNET,Human Resource & Employment Services,0.504067,6532862609.0,81820.0,54.17
"Trinity Industries, Inc",TRN,Construction Machinery & Heavy Trucks,0.214097,2220830818.0,165129.0,11.53
Triton International Limited,TRTN,Trading Companies & Distributors,-0.36805,,,44.88
"Triumph Group, Inc",TGI,Aerospace & Defense,0.82574,1046147267.0,426251.0,22.01
"TrueBlue, Inc",TBI,Human Resource & Employment Services,-0.041629,343694603.0,282552.0,-39.86
Tutor Perini Corporation,TPC,Construction & Engineering,0.357125,736160783.0,224604.0,164.87
Twin Disc Incorporated,TWIN,Construction Machinery & Heavy Trucks,0.0,,,
US Xpress Enterprises Inc,USX,Trucking,-0.806167,,,129.1
"USA Truck, Inc",USAK,Trucking,-0.213957,,,
Uber Technologies Inc,UBER,Specialized Consumer Services,0.075978,153619000000.0,8387451.0,148.95
Ufp Industries Inc,UFPI,Building Products,0.288,,,46.51
Ultralife Corporation,ULBI,Electrical Components & Equipment,0.6124,,,
Ultrapetrol Bahamas Ltd,ULTRF,Marine,0.0,,,-90.48
UniFirst Corporation,UNF,Diversified Support Services,0.397007,2984869701.0,35100.0,-3.5
Union Pacific Corporation,UNP,Railroads,0.295481,144645000000.0,1166280.0,18.58
"United Airlines Holdings, Inc",UAL,Airlines,0.482496,,,1.84
"United Parcel Service, Inc",UPS,Air Freight & Logistics,0.286145,125067000000.0,2698826.0,-21.15
"United Rentals, Inc",URI,Trading Companies & Distributors,0.471954,45830064944.0,272401.0,79.66
Univar Solutions Inc,UNVR,Trading Companies & Distributors,0.506245,,,33.67
"Universal Logistics Holdings, Inc",ULH,Trucking,0.0,,,17.24
Upwork Inc,UPWK,Human Resource & Employment Services,0.575268,,,18.42
VSE Corporation,VSEC,Diversified Support Services,0.8457,,,80.37
Valmet Oyj,VOYJF,Industrial Machinery,0.448448,,,
"Valmont Industries, Inc",VMI,Construction & Engineering,0.569543,4471257870.0,66845.0,-26.15
"Vectrus, Inc",VEC,Aerospace & Defense,0.209546,,,
"Verisk Analytics, Inc",VRSK,Research & Consulting Services,0.486092,,,
Veritiv Corporation,VRTV,Trading Companies & Distributors,0.383533,,,29.91
Vertical Aerospace Ltd,EVTL,Aerospace & Defense,0.50167,201668686.0,410118.0,-60.24
Vestas Wind Systems A/S,VWDRY,Heavy Electrical Equipment,0.464044,,,
Viad Corp,VVI,Diversified Support Services,0.4793,756667443.0,28077.0,92.12
Vicor Corporation,VICR,Electrical Components & Equipment,0.273202,,,
VirTra Inc,VTSI,Aerospace & Defense,-0.109067,,,130.0
Virco Mfg. Corporation,VIRC,Office Services & Supplies,0.40154,,,157.83
Virgin Galactic Holdings Inc,SPCE,Aerospace & Defense,0.356669,440044014.0,13102328.0,-66.51
"Vivint Solar, Inc",VSLR,Electrical Components & Equipment,0.378084,,,
Voxeljet Ag,VJET,Industrial Machinery,0.23865,,,
"W.W. Grainger, Inc",GWW,Trading Companies & Distributors,0.426,49600181739.0,108025.0,49.08
WABCO Holdings Inc,WBC,Construction Machinery & Heavy Trucks,0.02635,,,
"WESCO International, Inc",WCC,Trading Companies & Distributors,0.74558,8497022336.0,207112.0,16.92
WSP Global Inc,WSPOF,Construction & Engineering,0.400259,,,
Wabash National Corporation,WNC,Construction Machinery & Heavy Trucks,0.567014,1233096384.0,250211.0,18.83
Wabtec Corporation,WAB,Construction Machinery & Heavy Trucks,0.566404,26088729098.0,931722.0,47.53
"Waste Connections, Inc",WCN,Environmental & Facilities Services,0.162435,43313719532.0,432315.0,16.91
"Waste Management, Inc",WM,Environmental & Facilities Services,-0.01359,83255297343.0,828154.0,24.96
"Watsco, Inc",WSO,Trading Companies & Distributors,0.359204,16841159804.0,167661.0,
"Watts Water Technologies, Inc",WTS,Industrial Machinery,0.365272,6616893127.0,44846.0,24.97
"Welbilt, Inc",WBT,Industrial Machinery,-0.525254,,,
"Werner Enterprises, Inc",WERN,Trucking,0.792572,,,
West Japan Railway Company,WJRYF,Railroads,-0.037425,,,
Wilhelmina,WHLM,Diversified Support Services,0.550194,,,17.11
Willdan Group Inc,WLDN,Research & Consulting Services,0.842757,,,
Williams Industrial Services Group Inc,WLMS,Construction & Engineering,0.0,,,-71.99
Willis Lease Finance Corporation,WLFC,Trading Companies & Distributors,0.467685,,,-13.57
Willscot Mobile Mini Holdings Corp A,WSC,Construction & Engineering,0.0,,,1.24
Wizz Air Holdings Plc,WZZAF,Airlines,-0.0352,,,
Wolters Kluwer N.V,WOLTF,Research & Consulting Services,0.35372,,,
"Woodward, Inc",WWD,Industrial Machinery,0.007701,,,
"XPO Logistics, Inc",XPO,Air Freight & Logistics,0.138961,14565198789.0,361594.0,287.02
Xylem Inc,XYL,Industrial Machinery,0.44707,30939359752.0,525813.0,23.17
Yangtze River Port and Logistics Limited,YRIV,Marine Ports & Services,-0.671661,,,-98.46
Yayyo Inc,YAYO,Trucking,-0.729335,,,-73.33
Yellow Corp,YELL,Trucking,0.0,,,-84.68
ZIM Integrated Shipping Services Ltd,ZIM,Marine,0.267866,1255190953.0,2174222.0,-47.07
ZTO Express (Cayman) Inc,ZTO,Air Freight & Logistics,-0.120556,16627386508.0,1639114.0,-28.46
"Zhejiang Expressway Co., Ltd",ZHEXF,Highways & Railtracks,0.0,,,
"Zhuzhou CRRC Times Electric Co., Ltd",ZHUZF,Electrical Components & Equipment,-0.2263,,,
easyJet plc,EJTTF,Airlines,-0.083678,,,
nVent Electric PLC,NVT,Electrical Components & Equipment,0.43205,12357080611.0,779541.0,74.68
"root9B Holdings, Inc",RTNB,Research & Consulting Services,0.0,,,-99.95
